<?xml version="1.0" encoding="UTF-8" standalone="no" ?>
<SimscapeMultibodyImportXML version="2.0" xmlns="urn:mathworks:SimscapeMultibody:import" xmlns:xsi="http://www.w3.org/2001/XMLSchema-instance">
<Created by="" on="08/04/20||20:51:14" using="Simscape Multibody Link Version 6.1" from="SolidWorks 28.0.0"/>
<ModelUnits mass="kilogram" length="millimeter"/>
<DataUnits mass="kilogram" length="meter"/>
<RootAssembly name="ForMATLAB" uid="ForMATLAB" version="185">
<AssemblyFile name="ForMATLAB.SLDASM" type="SolidWorks Assembly"/>
<InstanceTree>
<Instance name="Aniruddha Ki Cycle-MarkII-1" uid="Aniruddha Ki Cycle-MarkII-1" entityUid="Aniruddha Ki Cycle-MarkII*:*Default">
<Transform>
<Rotation>0.99925949488842447 0.038476770593837868 0 -0.038476770593837868 0.99925949488842447 0 0 0 1</Rotation>
<Translation>0.31207056980558423 0.093182201404660464 0.68357381179535215</Translation>
</Transform>
</Instance>
<Instance name="BASEplate-1" uid="BASEplate-1" grounded="true" entityUid="BASEplate*:*Default">
<Transform>
<Rotation>1 0 0 0 1 0 0 0 1</Rotation>
<Translation>0.13456321854619652 0.066300682882673184 1.0017237121983817</Translation>
</Transform>
</Instance>
<Instance name="Fly_wheel-1" uid="Fly_wheel-1" entityUid="Fly_wheel*:*Default">
<Transform>
<Rotation>-0.032229403027906819 0.99925949488842447 -0.021017313239223026 -0.83701247514206767 -0.038476770593838423 -0.54582932733705181 -0.54623381627011525 1.0941111560892117e-15 0.83763274647245356</Rotation>
<Translation>0.15818690469163407 0.26427406744481241 1.0017237121983817</Translation>
</Transform>
</Instance>
</InstanceTree>
<Constraints>
<Concentric name="Concentric1">
<ConstraintGeometry geomType="cylinder">
<InstancePath>
<Uid>Fly_wheel-1</Uid>
</InstancePath>
<Position>0 0.010000000000000009 0</Position>
<Axis>0 -1 0</Axis>
</ConstraintGeometry>
<ConstraintGeometry geomType="cylinder">
<InstancePath>
<Uid>Aniruddha Ki Cycle-MarkII-1</Uid>
</InstancePath>
<Position>-0.14735277595344379 0.16504422515807166 0.31814990040302915</Position>
<Axis>1 -5.620504062164855e-16 9.6240299994590729e-16</Axis>
</ConstraintGeometry>
</Concentric>
<Distance name="Distance1">
<ConstraintGeometry geomType="plane">
<InstancePath>
<Uid>Fly_wheel-1</Uid>
</InstancePath>
<Position>0 0.024999999999999994 0</Position>
<Axis>0 1 0</Axis>
</ConstraintGeometry>
<ConstraintGeometry geomType="plane">
<InstancePath>
<Uid>Aniruddha Ki Cycle-MarkII-1</Uid>
</InstancePath>
<Position>-0.13035277595344388 0.15804422515807165 0.31814990040302915</Position>
<Axis>-1 0 0</Axis>
</ConstraintGeometry>
</Distance>
</Constraints>
</RootAssembly>
<Assemblies>
</Assemblies>
<Parts>
<Part name="Aniruddha Ki Cycle-MarkII" uid="Aniruddha Ki Cycle-MarkII*:*Default" version="133">
<ModelUnits mass="kilogram" length="millimeter"/>
<PartFile name="Aniruddha Ki Cycle-MarkII.SLDPRT" type="SolidWorks Part"/>
<MassProperties>
<Mass>0.62470345616595813</Mass>
<CenterOfMass>-0.11796433897258668 0.071603524115313594 0.31806096504246045</CenterOfMass>
<Inertia>0.001421738555913062 0.0058495789206848637 0.0069658814981853577 -1.3485415829261481e-06 1.0832279023448578e-05 0.0003647402544106655</Inertia>
</MassProperties>
<GeometryFile name="Aniruddha Ki Cycle-MarkII_Default_sldprt.STEP" type="STEP"/>
<VisualProperties>
<Ambient r="0.792156862745098" g="0.81960784313725488" b="0.93333333333333335" a="1"/>
<Diffuse r="0.792156862745098" g="0.81960784313725488" b="0.93333333333333335" a="1"/>
<Specular r="0.396078431372549" g="0.40980392156862744" b="0.46666666666666667" a="1"/>
<Emissive r="0" g="0" b="0" a="1"/>
<Shininess>0.40000000596046448</Shininess>
</VisualProperties>
</Part>
<Part name="BASEplate" uid="BASEplate*:*Default" version="106">
<ModelUnits mass="kilogram" length="millimeter"/>
<PartFile name="BASEplate.SLDPRT" type="SolidWorks Part"/>
<MassProperties>
<Mass>3</Mass>
<CenterOfMass>0 0.0050000000000000001 0</CenterOfMass>
<Inertia>0.022524999999999996 0.27250000000000008 0.25002500000000005 0 0 0</Inertia>
</MassProperties>
<GeometryFile name="BASEplate_Default_sldprt.STEP" type="STEP"/>
<VisualProperties>
<Ambient r="0.792156862745098" g="0.81960784313725488" b="0.93333333333333335" a="1"/>
<Diffuse r="0.792156862745098" g="0.81960784313725488" b="0.93333333333333335" a="1"/>
<Specular r="0.396078431372549" g="0.40980392156862744" b="0.46666666666666667" a="1"/>
<Emissive r="0" g="0" b="0" a="1"/>
<Shininess>0.40000000596046448</Shininess>
</VisualProperties>
</Part>
<Part name="Fly_wheel" uid="Fly_wheel*:*Default" version="133">
<ModelUnits mass="kilogram" length="millimeter"/>
<PartFile name="Fly_wheel.SLDPRT" type="SolidWorks Part"/>
<MassProperties>
<Mass>0.1157930814622546</Mass>
<CenterOfMass>7.2509758663315441e-11 0.006084312835383787 1.1718545342647346e-05</CenterOfMass>
<Inertia>0.00018328331055065693 0.00036156459643810451 0.00018329711644263225 -1.3455221538641674e-08 5.1867263908207657e-14 -1.0681103467353181e-13</Inertia>
</MassProperties>
<GeometryFile name="Fly_wheel_Default_sldprt.STEP" type="STEP"/>
<VisualProperties>
<Ambient r="0.792156862745098" g="0.81960784313725488" b="0.93333333333333335" a="1"/>
<Diffuse r="0.792156862745098" g="0.81960784313725488" b="0.93333333333333335" a="1"/>
<Specular r="0.396078431372549" g="0.40980392156862744" b="0.46666666666666667" a="1"/>
<Emissive r="0" g="0" b="0" a="1"/>
<Shininess>0.40000000596046448</Shininess>
</VisualProperties>
</Part>
</Parts>
</SimscapeMultibodyImportXML>
